months_as_customer,age,policy_deductable,umbrella_limit,insured_zip,capital-gains,capital-loss,incident_hour_of_the_day,number_of_vehicles_involved,bodily_injuries,witnesses,injury_claim,property_claim,vehicle_claim,auto_year,policy_annual_premium
328,48,1000,0,466132,53300,0,5,1,1,2,6510,13020,52080,2004,1406.91
228,42,2000,5000000,468176,0,0,8,1,0,0,780,780,3510,2007,1197.22
134,29,2000,5000000,430632,35100,0,7,3,2,3,7700,3850,23100,2007,1413.14
256,41,2000,6000000,608117,48900,-62400,5,1,1,2,6340,6340,50720,2014,1415.74
228,44,1000,6000000,610706,66000,-46000,20,1,0,1,1300,650,4550,2009,1583.91
256,39,1000,0,478456,0,0,19,3,0,2,6410,6410,51280,2003,1351.1
137,34,1000,0,441716,0,-77000,0,3,0,0,21450,7150,50050,2012,1333.35
165,37,1000,0,603195,0,0,23,3,2,2,9380,9380,32830,2015,1137.03
27,33,500,0,601734,0,0,21,1,1,1,2770,2770,22160,2012,1442.99
212,42,500,0,600983,0,-39300,14,1,2,1,4700,4700,32900,1996,1315.68
235,42,500,4000000,462283,38400,0,22,1,2,2,7910,15820,63280,2002,1253.12
447,61,2000,0,615561,0,-51000,21,3,1,2,17680,17680,79560,2006,1137.16
60,23,500,3000000,432220,0,0,9,1,1,0,4710,9420,42390,2000,1215.36
121,34,1000,0,464652,52800,-32800,5,1,1,1,1120,1120,5040,2010,936.61
180,38,2000,0,476685,41300,-55500,12,1,0,2,4200,8400,33600,2003,1301.13
473,58,2000,0,458733,55700,0,12,4,0,0,10520,10520,42080,1999,1131.4
70,26,1000,5000000,619884,63600,0,0,3,1,2,5790,5790,40530,2012,1199.44
140,31,500,6000000,470610,53500,0,9,1,0,2,14160,7080,56640,2015,708.64
160,37,500,0,472135,45500,-37800,19,1,1,0,6630,13260,53040,2015,1374.22
196,39,2000,0,477670,57000,-27300,8,3,2,0,6040,6040,48320,2014,1475.73
460,62,1000,4000000,618845,0,0,20,3,1,0,0,5240,41920,2011,1187.96
217,41,2000,0,442479,46700,0,15,3,1,2,0,4730,33110,1996,875.15
370,55,2000,0,443920,72700,-68200,20,3,0,0,17880,5960,47680,2000,972.18
413,55,2000,0,453148,0,-31000,15,1,2,2,8180,16360,73620,2011,1268.79
237,40,1000,0,434733,0,-53500,6,1,1,3,7080,14160,56640,2005,883.31
8,35,2000,0,613982,0,0,16,3,1,3,16500,11000,44000,2006,1266.92
257,43,2000,0,436984,0,-29200,4,1,1,3,1640,820,6560,2005,1322.1
202,34,500,3000000,607730,31000,-30200,5,1,2,1,1040,520,4160,2003,848.07
224,40,2000,0,609837,0,-55600,21,1,1,0,7760,15520,46560,2009,1291.7
241,45,2000,0,432211,0,0,5,1,2,2,14100,14100,63450,2011,1104.5
64,25,1000,0,473328,53200,0,22,4,0,0,12600,12600,50400,2005,954.16
166,37,2000,8000000,610393,27500,0,10,3,2,2,7460,7460,52220,2006,1337.28
155,35,1000,0,614780,81100,0,16,3,2,3,3310,3310,23170,2008,1088.34
114,30,1000,0,472248,51400,-64000,1,3,1,2,14020,14020,49070,2015,1558.29
149,37,500,0,603381,0,0,17,1,0,1,10800,5400,48600,1999,1415.68
147,33,1000,6000000,479224,53300,-49200,15,1,2,0,10620,5310,37170,1995,1334.15
62,28,1000,0,430141,0,0,3,1,1,1,6020,6020,48160,2004,988.45
289,49,2000,0,620757,0,0,16,1,1,1,1230,820,3280,2001,1222.48
431,54,2000,0,615901,65700,0,4,3,2,0,12460,6230,43610,2007,1155.55
199,37,500,0,474615,48500,0,4,1,0,3,10940,10940,38290,2011,1262.08
79,26,500,0,456446,0,-55700,19,1,2,2,8000,4000,28000,2010,1451.62
116,34,500,0,470577,0,-24100,1,1,1,1,16180,16180,64720,2001,1737.66
37,23,500,0,441648,0,-67400,17,3,1,0,5740,5740,40180,2010,1475.93
106,30,500,0,433782,49700,-60200,23,1,2,2,5680,5680,39760,2005,538.17
269,44,2000,0,468104,36400,-28700,14,1,0,2,11280,11280,33840,2014,1081.08
265,40,1000,0,459407,0,0,17,3,2,3,6890,0,48230,2002,1454.43
163,33,500,0,472573,35300,0,11,3,1,1,0,14020,63090,2014,1240.47
355,47,2000,4000000,433473,0,0,19,3,2,1,6280,6280,50240,2003,1273.7
175,34,1000,8000000,446326,0,0,5,1,2,0,810,810,5670,1995,1123.87
192,35,1000,0,435481,0,-40300,19,1,0,0,15320,7660,53620,2000,1245.89
430,59,2000,7000000,477310,0,0,19,3,0,3,16360,8180,57260,1998,1326.62
91,27,2000,0,609930,0,0,4,1,1,2,1320,660,5280,2008,1073.83
217,39,1000,0,603993,0,0,8,1,2,1,430,430,3440,2000,1530.52
223,40,500,0,437818,88400,-46500,7,3,1,0,12820,12820,44870,1999,1201.41
195,39,1000,0,478423,47600,-39600,5,1,0,1,480,480,1680,2009,1393.57
22,26,1000,0,467784,71500,0,3,1,1,2,15780,7890,55230,1995,1276.57
439,56,500,0,606714,36100,-55000,12,3,2,3,0,6270,50160,2014,1082.49
94,32,1000,0,464691,0,0,19,1,1,3,300,300,1800,2014,1414.74
11,39,2000,0,431683,56600,-45800,22,1,0,1,7310,7310,51170,2007,1470.06
151,36,2000,0,431725,94800,-58500,12,3,1,1,11440,5720,45760,2000,870.63
154,34,500,0,609216,36900,0,15,3,2,1,15440,0,54040,2014,795.23
245,44,1000,0,452787,69100,0,23,3,0,3,7380,3690,33210,1997,1168.2
119,32,1000,0,468767,0,-49500,12,1,0,3,5630,11260,39410,2011,993.51
215,42,500,0,435489,0,-49000,20,3,2,2,11420,5710,51390,2003,1848.81
295,42,2000,5000000,450149,62400,0,16,3,0,0,6570,6570,45990,2006,1641.73
254,39,500,0,458364,35700,0,6,3,2,2,13720,6860,61740,1995,1362.87
107,31,500,7000000,476458,43400,-91200,12,1,0,1,13800,13800,62100,2009,1239.22
478,64,500,0,602433,59600,0,17,3,1,1,0,3770,30160,1998,835.02
128,30,1000,0,478575,43300,-66200,8,1,0,3,12460,6230,49840,1997,1061.33
338,49,1000,0,449718,0,-51500,13,1,0,1,860,860,2580,2004,1279.08
271,42,500,0,463181,56200,-50000,12,2,2,3,12420,6210,49680,2003,1105.49
222,41,2000,0,441992,37800,-50300,7,1,0,2,6810,6810,47670,1995,1055.53
199,41,1000,0,452597,0,0,10,1,1,2,3010,0,27090,1999,895.83
215,37,500,0,614417,0,-42900,7,3,2,0,9520,4760,42840,2002,1632.93
192,40,1000,0,472895,0,0,18,3,1,0,9540,4770,28620,2005,1405.99
120,35,1000,0,475847,78300,0,22,3,2,0,11380,5690,34140,2010,1425.54
270,45,1000,0,476978,0,-19700,18,3,1,1,14900,7450,67050,1998,1038.09
319,47,500,0,600648,0,0,22,3,0,2,10860,10860,38010,2005,1307.11
194,39,1000,6000000,608335,0,-45000,15,1,2,2,1240,1240,5580,2004,1489.24
227,38,500,0,471600,0,0,16,1,1,2,14440,7220,50540,2013,976.67
137,31,2000,0,441175,52700,-40600,6,3,1,2,10160,10160,30480,2005,1340.43
244,40,2000,5000000,603123,0,0,10,1,2,1,660,1320,4620,2005,1267.81
78,29,1000,6000000,457767,0,0,3,1,2,2,750,1500,5250,2002,1234.2
200,35,2000,0,618498,57300,-80600,13,1,0,3,1180,1180,4130,2002,1318.06
284,48,2000,0,605486,0,-44200,16,2,2,3,5540,11080,44320,2013,769.95
275,41,2000,0,617970,35700,0,13,3,0,1,5830,11660,40810,2007,1514.72
153,34,1000,4000000,432934,800,0,9,3,2,1,11400,11400,45600,2007,873.64
134,32,500,0,456762,36400,0,2,1,2,1,11680,11680,40880,2015,1612.43
31,36,2000,9000000,601748,0,-78600,9,1,0,1,940,470,3290,2002,1318.24
41,25,1000,0,607763,0,-56100,12,3,2,0,0,5640,39480,2011,1226.83
127,29,2000,5000000,436973,0,0,12,2,1,1,10300,10300,46350,1995,1326.44
61,23,2000,4000000,471300,0,-62400,14,1,0,3,8940,17880,71520,2004,1136.83
207,42,2000,0,453277,55200,0,9,1,0,1,590,590,4720,2007,1322.78
219,43,1000,0,465100,90700,-20800,3,3,1,1,5890,11780,53010,2009,1483.25
271,42,500,0,603248,0,0,21,3,1,0,17040,8520,68160,2005,1515.3
80,25,2000,5000000,601112,67700,-58400,5,1,2,0,1260,630,5040,2001,1075.18
325,47,1000,0,438830,61500,0,11,1,0,3,6630,6630,59670,2006,1690.27
29,25,2000,0,464959,0,-71700,4,4,1,2,7210,7210,50470,2013,1352.83
295,48,1000,0,439787,0,0,6,1,1,2,900,900,3600,1999,1148.73
239,42,1000,0,464839,0,0,10,1,0,0,700,700,4200,2007,969.5
269,41,500,0,448984,0,-72300,23,1,0,0,15860,15860,47580,2007,1463.82
80,27,1000,0,440327,0,0,13,1,1,0,10560,5280,36960,2004,1474.17
279,41,500,0,460742,37300,-31700,16,3,2,3,0,3600,25200,2013,1497.35
165,33,1000,0,446895,35300,-58100,3,1,1,1,330,330,2310,2008,1427.14
350,54,500,0,609374,50500,0,15,3,0,0,15580,7790,70110,2014,1495.1
295,49,500,0,451672,34300,-24300,4,1,1,3,480,480,3360,2002,1141.62
464,61,1000,0,604450,0,-56400,6,3,0,2,6650,19950,53200,2000,1125.37
118,28,2000,0,432896,0,-57000,22,2,1,0,7420,14840,51940,1997,1207.36
298,47,2000,0,618929,28800,0,1,1,0,0,10860,10860,48870,2000,1338.5
87,31,1000,0,451312,0,-47500,16,3,0,3,5540,11080,44320,2006,1074.07
261,42,500,0,605141,0,0,18,1,1,2,7470,14940,52290,2010,1337.56
453,60,500,6000000,459504,52600,-38800,0,1,0,0,14000,7000,49000,2015,1298.91
210,41,500,0,432781,0,-41000,12,3,2,0,14740,14740,51590,2001,1222.75
168,32,1000,0,452748,0,-40600,13,2,1,1,14430,9620,33670,2007,1059.52
390,51,2000,0,618316,0,0,9,1,1,1,1180,1180,4720,2001,1124.38
258,46,1000,10000000,455365,34400,-56800,14,3,0,1,4770,9540,33390,1997,1110.37
107,31,2000,0,470603,62000,-63100,16,1,0,3,9320,9320,32620,2002,1374.22
225,41,2000,0,475292,41200,-36200,20,3,2,2,6400,12800,51200,2011,1103.58
164,38,2000,0,467743,44300,0,4,1,1,3,18000,9000,63000,2015,1269.76
245,39,500,8000000,460675,58000,0,7,3,0,1,13240,6620,52960,2010,964.79
255,41,2000,4000000,618123,0,0,22,1,2,0,13860,13860,41580,2000,1167.3
206,36,500,4000000,607452,0,-53700,11,1,2,1,12760,12760,51040,2008,1625.45
203,38,500,0,606352,0,0,7,1,0,1,0,6160,49280,1999,1394.43
22,25,2000,0,603527,51100,0,0,4,1,0,8570,17140,51420,1995,1053.24
211,35,500,0,445601,0,0,1,1,1,1,7000,7000,28000,2011,1040.75
206,39,1000,6000000,603948,47200,-69700,12,3,2,3,3300,9900,23100,2013,1302.4
166,38,2000,0,435758,59600,-32100,8,1,0,0,5760,5760,28800,2001,1588.55
165,32,500,0,611586,70500,0,9,1,2,0,330,660,2970,1998,1399.26
274,43,2000,0,465263,40700,-47300,22,1,0,3,10640,10640,42560,2006,1352.31
81,28,1000,6000000,617858,42400,0,0,3,1,2,4970,4970,34790,2000,1139.0
280,45,1000,0,607889,57900,0,0,3,1,2,14120,14120,56480,1999,1397.67
194,39,500,0,455689,0,0,3,3,2,2,6150,12300,43050,2012,823.17
112,27,500,0,450341,60000,-54800,21,3,0,1,8500,8500,34000,2013,965.13
24,33,1000,0,431277,0,-45200,0,1,2,1,4680,9360,32760,2002,1922.84
93,32,2000,0,454656,65300,-65600,16,1,1,1,17360,8680,52080,2006,1624.82
171,34,2000,0,605169,84900,0,14,1,1,2,13840,6920,48440,1996,1277.25
200,40,1000,0,444822,45300,-20400,9,1,0,0,410,410,2870,2015,1439.34
120,28,1000,0,447442,68900,0,9,3,0,3,6550,6550,52400,2010,1281.27
325,46,500,0,474360,46300,-77500,21,3,1,2,13840,6920,55360,1999,1348.83
124,32,1000,0,447925,0,-43200,19,3,0,2,12260,12260,49040,1995,1198.15
211,35,2000,0,451586,76000,0,2,1,0,1,9460,4730,37840,2008,1221.22
287,41,2000,0,477519,0,-49000,9,1,2,3,470,940,3760,2001,968.74
122,34,1000,0,603639,58600,-28700,5,1,2,1,1890,1260,5040,2013,1220.71
22,29,2000,6000000,463993,0,-56200,14,1,2,3,7080,14160,49560,2012,1238.62
106,31,2000,0,441491,54100,0,20,3,0,3,5070,5070,35490,2011,1320.75
398,58,500,0,469429,0,-57900,18,1,2,1,7640,15280,76400,2002,990.98
214,41,500,4000000,472214,0,-57100,13,3,2,0,12800,6400,44800,1996,1398.51
209,38,500,0,614945,58100,0,21,1,1,1,4730,4730,37840,2014,1355.08
82,27,1000,0,476727,13100,-38200,14,1,2,3,8960,8960,53760,2007,1384.51
193,41,500,0,438555,0,0,1,1,1,0,17280,17280,77760,2011,847.03
134,32,1000,0,440961,0,0,17,1,1,0,7520,15040,60160,2014,1000.06
288,45,1000,0,616714,0,0,4,3,2,1,10680,5340,32040,2009,1046.71
104,32,500,0,434247,31900,-44600,23,3,1,3,9780,9780,44010,2006,1158.03
431,54,1000,0,436547,17600,0,13,3,2,3,10540,10540,42160,1997,1372.27
101,33,1000,7000000,619540,52000,-44500,20,3,1,3,9040,9040,36160,2013,1053.04
375,50,1000,0,466283,0,0,16,1,2,3,0,0,37280,1996,1275.39
461,61,2000,0,449557,0,0,10,3,2,1,7210,14420,50470,2006,1402.75
428,59,500,7000000,473329,0,0,8,1,2,3,1300,650,4550,2013,1344.36
45,38,1000,0,470117,29000,0,17,3,2,0,13040,13040,52160,2013,1197.71
136,29,500,0,600702,62500,-66900,9,1,2,0,1240,620,4340,1999,1203.24
216,36,1000,0,615921,39600,-82400,0,1,2,3,560,1680,3920,2014,1152.4
278,48,2000,7000000,475588,0,-54000,12,1,2,0,11700,11700,52650,1997,1142.62
295,48,1000,0,609409,49700,-59100,20,2,2,1,13240,13240,59580,2002,1332.07
112,30,1000,0,479852,47700,-59300,3,1,2,0,10790,21580,75530,1997,1166.54
122,34,500,0,452249,38100,-31400,18,3,2,0,18180,18180,63630,2011,1495.06
108,29,1000,0,441536,71400,0,4,3,2,2,11160,5580,44640,2012,1337.92
14,28,2000,0,601617,0,-26900,18,1,2,1,12960,12960,45360,2012,1587.96
298,45,1000,0,442598,0,-51100,18,3,0,0,12800,6400,44800,1999,1362.29
276,46,500,0,430987,0,-50000,7,1,0,1,660,660,4620,2015,1448.84
47,37,2000,0,430104,75400,0,18,1,1,0,670,670,5360,2011,1241.97
222,42,500,0,612904,0,0,23,3,0,0,11940,7960,31840,2006,1124.6
119,28,2000,0,430886,88800,0,1,1,0,1,6700,6700,40200,2007,1079.92
73,29,1000,0,467947,35100,-59900,15,3,1,0,4990,4990,34930,2001,1447.78
8,31,500,4000000,604804,0,-88300,2,3,0,2,11100,7400,29600,2014,1229.16
294,44,1000,0,460308,53900,0,3,1,0,1,610,1220,4270,2002,1226.49
324,46,2000,6000000,618862,0,-41300,13,1,1,0,15920,15920,47760,2011,897.89
155,34,500,0,462479,0,0,1,1,1,1,8560,8560,59920,1998,1706.79
261,45,1000,0,457555,0,-45100,16,1,0,1,11380,11380,39830,2003,1254.18
245,40,500,0,459984,27000,-58900,0,1,0,1,13100,13100,58950,1998,885.08
235,39,500,4000000,434982,0,-31700,1,1,2,1,450,900,3600,2010,1046.58
53,36,2000,0,614233,72200,0,17,3,2,0,10220,5110,35770,2006,1712.68
426,54,2000,0,605258,29600,-22300,13,1,2,3,16800,16800,67200,1997,1097.71
111,27,500,4000000,604377,51100,0,12,1,2,3,16540,16540,57890,2009,1363.77
86,26,500,7000000,434923,0,-30300,11,1,1,1,14880,7440,59520,2011,1382.88
296,46,1000,7000000,476456,0,0,18,1,0,2,5490,5490,43920,2013,1141.35
125,35,500,7000000,446788,0,-51300,17,1,2,3,8060,16120,64480,2007,1054.83
177,34,2000,0,477382,0,-57700,22,3,1,1,2250,2250,13500,2009,1057.77
238,39,2000,0,600275,0,-39200,9,1,1,3,1100,550,3850,2010,1488.02
81,25,500,5000000,461958,51000,-67900,11,3,1,0,13440,6720,53760,2003,920.3
128,28,1000,0,472720,62700,0,11,1,0,2,18520,18520,64820,2007,986.53
449,57,2000,0,442395,25000,0,8,1,0,1,980,980,3430,2008,1440.68
252,39,1000,0,455340,68500,-57500,18,1,1,2,5610,5610,39270,2001,1086.21
359,47,2000,0,613247,0,0,13,1,0,3,5550,11100,38850,2012,1367.68
19,32,1000,0,454985,42900,-90200,8,1,1,1,1280,640,5120,2015,1215.85
73,26,2000,4000000,468813,29300,0,9,3,0,1,5020,0,35140,2003,1191.19
285,44,1000,0,452747,0,0,17,2,2,3,6960,6960,41760,2006,1594.45
196,36,2000,0,615611,0,0,3,1,1,1,530,530,4240,2001,1463.07
223,43,500,0,451400,0,0,6,1,0,3,650,650,3900,2006,1734.09
328,48,500,0,464874,45100,-32800,17,1,2,1,5940,11880,41580,2014,1411.43
285,43,2000,0,452496,47600,0,7,1,1,1,280,280,1960,1997,1512.58
30,31,2000,0,430714,0,0,9,1,2,1,960,960,3840,2011,1153.35
342,49,500,0,472634,63100,-13800,3,1,2,0,7670,7670,61360,2006,1722.95
219,39,2000,7000000,608371,0,0,6,1,0,2,740,740,4440,2015,1281.07
468,62,500,0,468168,0,0,7,3,0,3,7150,7150,50050,2009,1011.92
241,39,2000,0,464107,0,0,21,3,1,2,4240,2120,12720,1995,1042.26
223,43,500,0,466959,66400,-34400,14,1,2,1,5440,5440,43520,2011,1235.1
128,32,2000,0,443522,0,-39300,0,1,1,0,5980,5980,47840,1999,768.91
124,29,500,0,441726,0,0,14,3,0,3,7200,7200,57600,2005,1301.72
343,48,500,3000000,473412,0,0,13,4,2,3,7230,14460,43380,2003,1451.54
404,53,500,0,466201,25500,-36700,8,1,0,1,1760,880,6160,2002,767.14
63,24,2000,0,469621,0,0,7,1,2,0,1020,1020,4080,2015,1620.89
210,37,2000,0,466676,59900,0,9,1,1,2,1180,590,5310,1999,1048.46
335,50,1000,6000000,615346,62200,-31400,12,3,2,3,8580,4290,21450,2009,1538.26
11,40,2000,0,440106,24000,0,6,3,1,0,9720,9720,34020,2004,1217.69
142,33,2000,5000000,450332,0,0,11,1,1,3,6780,13560,61020,2009,1362.64
272,43,1000,0,615226,0,0,5,3,1,2,7370,14740,58960,2006,1279.13
69,26,2000,0,437688,0,0,14,1,2,2,5260,10520,47340,2008,924.72
38,28,1000,0,437387,0,-39700,17,1,2,1,1440,720,5040,2004,1019.44
328,46,500,0,458139,24800,0,0,1,2,3,12780,6390,51120,1998,1314.6
281,43,1000,6000000,443191,0,0,21,3,1,0,9260,9260,41670,1999,1515.18
246,44,2000,0,613647,0,-58600,18,1,1,2,11160,5580,44640,2009,1649.18
298,49,500,0,460820,47800,0,17,1,2,2,2810,5620,19670,2012,1451.01
330,50,1000,0,431121,0,0,19,1,0,0,8920,8920,31220,1995,978.46
362,50,500,4000000,619735,53000,-72500,17,3,1,1,6340,6340,44380,1995,1198.34
241,38,2000,0,470485,0,0,23,3,0,3,12980,12980,51920,2008,1003.23
245,41,2000,0,620473,24400,-60500,4,1,0,1,7350,14700,51450,1999,1212.0
371,52,1000,7000000,449800,0,-37100,2,2,2,0,6840,13680,68400,2010,1242.96
343,52,1000,0,602402,0,0,2,1,0,2,12990,4330,30310,2005,1053.02
377,53,500,0,452456,0,-64000,10,3,1,3,6560,6560,45920,2015,1693.63
154,37,1000,0,439269,0,-67800,2,1,0,3,14460,7230,57840,2000,2047.59
166,34,1000,0,617774,65600,-68200,18,1,0,2,4880,4880,43920,2005,1083.72
298,46,1000,6000000,477678,36900,-55000,18,1,2,3,3050,6100,24400,2005,1138.42
235,42,500,0,444913,39900,-60200,7,4,2,1,6910,6910,55280,2006,1072.62
172,35,2000,0,456602,63600,-68700,19,3,2,0,14500,14500,50750,1999,1219.04
27,28,2000,0,451560,0,-32500,10,3,0,2,5360,10720,37520,2015,1371.78
428,54,2000,0,453407,0,-24400,16,3,1,0,12760,6380,57420,2009,1506.21
99,32,1000,3000000,618655,0,0,17,1,1,1,4570,4570,31990,1999,1058.21
107,26,2000,0,612550,40600,0,2,3,2,3,14300,7150,57200,1996,932.14
272,41,2000,0,466718,33300,-10600,19,1,1,1,6460,12920,51680,2010,1608.34
151,37,1000,0,617947,54000,0,0,1,1,1,3530,3530,31770,1999,1728.56
249,43,1000,0,606238,0,0,16,1,0,0,5350,5350,42800,2015,1518.46
177,38,2000,0,463842,0,-74500,20,1,2,0,7370,7370,58960,2001,1540.19
190,40,2000,0,610354,36900,-53700,10,1,2,1,630,630,5040,2001,965.21
174,36,2000,0,461328,53200,-53800,21,3,2,2,10900,10900,43600,2012,1278.75
95,28,1000,0,458727,0,-70300,3,1,1,2,640,320,2240,2014,773.99
371,51,1000,0,452587,60300,-24700,7,1,0,3,7540,15080,52780,2012,1532.47
2,28,1000,0,433184,0,0,19,1,0,2,6460,6460,45220,2008,1340.56
269,44,500,4000000,451280,0,-41400,15,3,0,1,15180,15180,68310,2010,1297.75
101,27,1000,0,603269,25900,0,7,1,0,3,1180,590,4130,2009,433.33
94,30,2000,0,442632,0,-52600,19,1,1,3,6410,6410,51280,2001,1025.54
117,28,500,0,447300,47500,-32500,13,2,0,1,5040,10080,40320,2009,1264.77
111,27,500,5000000,441783,0,0,2,3,1,2,7350,14700,58800,2011,1459.97
242,40,500,0,468702,0,-44600,5,1,1,1,680,680,6120,1998,1238.65
440,61,500,0,467942,41500,-70200,21,1,2,3,5960,5960,41720,2004,1050.76
20,23,1000,0,463678,0,0,21,3,2,2,5750,11500,46000,2002,1711.72
461,57,500,7000000,615220,0,0,7,3,0,1,9840,9840,39360,1995,865.33
208,36,500,0,432711,0,0,16,3,1,0,10100,5050,35350,2004,1153.49
279,43,2000,0,463583,0,0,13,1,0,1,6410,12820,38460,2010,1281.25
244,40,500,0,439502,0,0,2,1,1,3,660,660,4620,2014,1342.8
134,30,2000,0,613287,0,0,19,3,0,2,5310,5310,37170,1995,1443.32
122,29,1000,0,620104,0,-47100,17,1,0,1,350,350,3150,2014,1629.94
156,31,2000,0,446895,0,0,3,1,2,0,5900,5900,47200,2013,1134.08
232,43,500,8000000,431531,0,-33600,17,3,0,1,7060,14120,49420,2013,1483.91
244,40,2000,7000000,605408,0,-45000,5,3,1,1,5590,11180,44720,2001,1304.67
84,30,2000,0,457551,44400,-51500,9,1,1,0,5240,10480,41920,2010,1035.79
394,57,500,0,619892,51500,0,9,1,1,0,1060,1060,4770,1999,1401.2
246,45,1000,0,445853,34400,-33100,9,3,2,2,11840,5920,35520,2006,1665.45
35,29,2000,0,475483,52100,-46900,22,3,0,0,15660,7830,54810,2009,653.66
156,37,500,0,606290,0,-61000,15,3,0,3,4610,4610,32270,2001,1080.13
195,36,2000,0,611852,57800,-53300,14,3,2,3,12540,6270,50160,2007,1346.18
369,55,2000,0,444734,55400,0,6,3,2,0,17060,8530,59710,2003,1589.54
271,40,1000,0,433683,71200,0,6,1,0,0,560,280,2240,2012,1251.65
332,47,2000,0,448882,91900,0,22,4,2,0,11040,11040,49680,2010,1083.01
107,26,500,0,466838,62800,0,14,3,1,0,11940,11940,35820,2002,974.59
217,39,2000,0,605490,49900,-19800,16,3,0,2,10820,10820,43280,1997,1399.85
243,43,500,0,466137,0,-75700,10,3,0,1,4170,4170,29190,2008,1307.74
296,42,2000,0,466970,53100,-63400,9,3,1,2,7120,7120,49840,2012,1219.27
264,41,500,0,474801,55600,0,4,1,1,0,10980,5490,43920,2004,1411.3
108,33,2000,0,450703,0,0,6,3,0,1,5850,11700,46800,2011,694.45
32,38,500,6000000,478172,0,0,15,3,2,1,14180,7090,49630,1997,1006.77
259,39,1000,0,604668,0,-83900,12,3,1,3,7760,7760,31040,2012,1422.36
186,33,1000,0,469429,37600,-37600,3,1,2,1,860,860,3010,2013,1348.32
201,40,2000,0,471806,0,0,14,1,0,0,1240,1240,4340,2003,1315.56
436,58,2000,5000000,475705,47400,-27600,10,1,0,2,11980,5990,41930,1997,1407.01
189,36,2000,0,459122,0,-49400,17,3,1,3,13260,13260,53040,2009,1388.58
105,33,500,0,476737,0,-40900,8,1,0,1,12780,6390,51120,2008,1310.76
163,31,1000,6000000,460359,26900,0,14,3,2,0,5810,11620,46480,1999,1004.63
219,40,500,0,452735,68700,0,6,1,1,0,640,640,5120,1997,1134.91
88,25,1000,0,613583,0,0,6,1,1,2,7420,7420,51940,2013,1194.0
40,39,1000,4000000,605692,0,-33300,8,1,0,2,1460,1460,5840,2013,1248.25
284,42,500,-1000000,438178,0,0,13,1,0,1,8560,17120,68480,1996,1338.54
59,40,2000,0,449221,64200,-32300,0,3,0,2,5730,11460,34380,2010,782.23
39,31,2000,0,459322,0,-15700,14,3,1,0,10540,10540,31620,2014,1366.9
147,34,1000,0,472657,0,-48300,13,1,2,2,15540,15540,69930,1998,1275.81
156,37,500,0,608331,0,-51800,16,4,1,2,5340,5340,42720,2010,1090.65
123,31,500,0,438546,0,-54600,13,1,1,2,12020,12020,48080,2009,1326.0
231,43,2000,0,441981,0,-58100,15,3,2,2,7710,15420,53970,2010,972.47
247,39,500,0,602177,0,0,3,1,2,3,600,0,2700,2003,806.31
194,35,500,0,441659,0,0,7,1,1,0,1080,540,4320,2003,1416.24
119,27,2000,0,614812,27100,0,16,2,1,0,7080,21240,35400,2006,1097.64
259,43,500,0,458470,0,-39300,15,1,1,3,1280,640,5760,2008,947.75
107,31,2000,5000000,469646,20000,-82700,21,3,1,2,14420,21630,57680,2001,1018.73
48,44,2000,0,611118,34000,-55600,23,3,0,2,17460,17460,52380,2013,1400.74
267,40,500,5000000,465158,0,-35200,5,1,0,2,1260,630,3780,1997,1155.53
286,47,500,0,457130,54100,-77600,15,3,0,0,13160,6580,46060,2001,1386.93
175,34,500,0,607893,82400,-57100,14,1,2,1,4080,4080,28560,2009,915.29
111,29,500,2000000,464736,0,0,1,1,1,1,4800,9600,38400,1996,1239.55
151,37,500,0,476198,44000,0,14,3,1,2,5910,5910,47280,1998,1366.42
156,37,1000,6000000,444903,0,-53800,17,3,1,1,14080,7040,56320,1999,1086.48
165,36,2000,0,464336,0,-39700,20,3,2,2,4570,4570,36560,2008,1247.87
253,41,2000,0,471453,81300,0,10,3,2,2,7340,14680,58720,2014,1312.75
10,26,2000,0,466191,0,-22200,3,3,0,3,2850,5700,22800,2001,765.64
158,33,2000,0,440930,0,-38600,0,1,0,0,3500,7000,24500,2012,1327.41
436,59,1000,0,430380,39000,0,10,3,2,2,13600,6800,47600,2014,1338.55
91,30,2000,8000000,613178,43900,0,13,3,2,0,13000,13000,58500,2009,1316.63
256,42,1000,0,460564,0,-39500,14,1,2,1,7550,15100,52850,1998,1286.44
274,46,1000,0,439929,0,0,22,3,1,3,15100,15100,60400,2009,1372.18
275,45,2000,0,605756,39400,-63900,8,3,1,1,5360,10720,48240,1998,1447.77
1,33,500,0,451184,0,0,1,3,1,0,6340,3170,22190,2006,903.32
85,30,1000,0,459588,51600,-73900,19,1,0,1,12380,12380,49520,2006,1454.42
233,37,2000,0,616637,61600,-30200,17,1,0,2,13420,6710,60390,2005,1603.42
142,30,2000,0,447979,58500,-46800,13,3,0,3,6360,12720,44520,2010,1616.58
266,44,500,0,460176,0,0,4,1,1,2,3280,3280,26240,2012,1611.83
350,50,500,0,459429,0,0,14,3,0,2,9820,4910,29460,2015,889.13
97,26,1000,0,465456,0,0,4,2,2,2,10080,5040,35280,2000,1252.08
399,55,2000,0,464665,0,-65400,23,3,1,1,17680,8840,61880,2010,995.56
305,49,2000,0,430853,0,-42100,21,3,0,2,12100,6050,48400,2003,1347.92
276,47,1000,0,615712,0,0,23,3,0,0,5980,11960,47840,2014,1724.09
257,40,500,0,608228,0,0,6,3,0,2,9420,4710,37680,2002,1379.93
78,31,1000,4000000,457535,0,-27900,21,1,1,0,5060,10120,40480,2009,1554.64
129,28,1000,0,442540,0,0,23,1,2,3,9920,4960,29760,2005,1377.94
283,46,2000,0,455332,53500,-73600,3,3,1,3,7060,14120,56480,2004,1313.33
85,25,500,0,439534,67000,-53600,8,1,2,2,940,940,3760,2005,1259.02
101,26,1000,0,462420,0,0,4,1,2,2,580,580,2030,1995,1371.88
96,30,500,6000000,448913,38900,-48700,22,1,0,0,0,6680,46760,2004,1399.27
121,31,1000,6000000,440837,0,0,16,1,0,1,7250,7250,50750,2002,1061.98
176,39,500,4000000,466634,0,-56600,14,3,2,1,4920,4920,34440,2008,1365.46
159,37,1000,0,446435,0,-53700,13,1,2,0,7810,7810,54670,1999,894.4
120,30,500,0,438237,39600,-64300,20,1,1,1,8710,8710,69680,2000,956.69
212,35,2000,0,468313,35400,-49200,0,3,1,3,4580,4580,41220,1996,1123.89
290,45,500,0,476303,0,-61000,23,3,2,2,12960,6480,45360,2014,1085.03
299,42,2000,0,450339,25000,0,13,1,1,3,12800,12800,44800,2000,1437.33
66,26,1000,0,476502,0,0,8,1,2,2,0,10520,47340,2008,988.29
334,47,500,0,600561,0,0,3,1,0,3,960,960,4320,2011,1238.89
216,38,1000,5000000,600754,0,0,16,1,2,3,16650,11100,38850,2012,1384.64
86,28,2000,0,439304,75800,0,19,1,0,2,11820,11820,47280,2002,1595.07
429,56,1000,6000000,460722,67400,-43800,0,1,2,0,6580,6580,26320,2002,1127.89
257,43,2000,6000000,618632,46400,-74300,12,1,2,2,10540,5270,47430,2005,929.7
15,34,1000,0,452204,56700,0,21,3,1,0,12300,6150,49200,2009,1829.63
230,39,1000,7000000,454530,68600,-22300,0,1,1,3,14840,14840,44520,2002,904.7
250,43,1000,0,474848,47900,-73400,22,1,1,3,12980,12980,38940,2011,1243.84
270,44,2000,0,435985,47200,0,20,3,1,0,7180,3590,25130,2007,1030.95
65,26,500,3000000,457942,0,-41500,0,1,1,3,5220,10440,36540,2011,1285.03
475,57,500,0,436522,67400,-83200,20,1,0,2,6500,13000,58500,2000,1216.56
77,27,2000,0,471704,56400,-32800,1,3,0,0,6720,6720,53760,1995,966.26
256,43,500,0,455810,56700,-65600,11,1,0,0,11500,5750,46000,1997,1203.17
229,37,2000,0,446544,65600,0,14,3,1,1,11460,5730,51570,1995,1212.12
110,28,1000,0,461919,30400,0,20,3,0,2,10840,10840,43360,2010,1573.93
177,33,1000,0,470128,0,-13200,22,1,1,3,20700,13800,48300,2004,1609.67
292,44,500,0,462836,0,0,12,1,1,0,6170,6170,49360,2005,1097.57
451,61,2000,2000000,475407,0,-42600,3,3,2,1,15620,7810,54670,1997,1618.65
61,24,500,0,473611,47400,0,15,3,2,1,9360,9360,46800,2011,922.67
150,30,1000,0,608425,0,0,8,1,0,2,450,450,3600,1999,1342.02
283,41,500,0,476227,60700,-54300,13,3,0,2,0,6100,36600,2011,1195.01
291,46,1000,0,452701,0,-55300,8,1,2,2,620,620,4340,2005,994.74
162,31,1000,0,456789,30700,0,7,1,0,0,360,720,2520,2013,1050.24
154,36,2000,7000000,600904,68500,0,9,1,2,0,280,280,2240,2015,1313.51
289,47,2000,0,450889,73000,-37900,15,1,1,0,6000,6000,42000,1996,1102.29
10,19,1000,0,478837,0,-60700,5,1,0,2,4450,8900,35600,2011,1185.78
309,47,500,0,611322,69400,0,15,4,0,1,15560,15560,46680,2002,1527.95
396,57,1000,0,438180,0,-22400,22,3,2,1,11680,5840,35040,1995,1366.39
273,41,1000,0,449793,0,0,16,2,1,2,4010,8020,32080,2015,1403.9
129,30,2000,0,450730,51500,0,7,1,1,3,13520,6760,54080,2009,927.23
140,31,2000,6000000,608758,59000,0,2,1,1,2,680,680,4760,2002,1554.86
419,53,2000,6000000,445339,45700,0,17,4,0,0,5190,10380,46710,2012,736.07
315,44,1000,6000000,438328,0,-56800,12,3,1,0,4860,4860,17010,2006,974.16
72,29,500,0,479913,0,-85900,9,1,1,0,6620,6620,52960,2013,973.8
32,26,2000,6000000,460760,0,-79800,16,1,1,2,9100,4550,31850,2009,1260.32
230,41,1000,0,444797,0,0,19,3,2,0,4420,4420,44200,2006,1464.03
157,32,2000,0,436711,0,-54100,14,3,1,2,10160,5080,35560,2013,617.11
265,41,2000,6000000,432491,81800,0,18,3,1,3,4420,4420,35360,2014,1724.46
47,34,500,0,617527,64800,-24300,23,1,1,3,11440,5720,45760,2012,1161.31
113,29,2000,0,601213,36100,-42300,15,3,0,2,5550,5550,38850,2004,1091.73
289,46,2000,0,604138,0,0,18,1,0,1,6270,6270,43890,1995,1209.07
254,41,2000,0,431361,0,0,16,1,2,2,18220,18220,63770,2014,1241.04
115,30,500,0,477695,46400,0,12,3,1,0,5460,5460,38220,2007,1757.21
236,38,1000,0,612597,0,-62500,16,1,0,1,16710,5570,44560,2014,802.24
7,21,1000,0,445638,0,-45300,21,1,1,2,6940,6940,48580,2003,1342.72
208,36,2000,5000000,476185,0,0,15,3,0,1,11420,11420,39970,1999,1209.41
126,33,1000,2000000,435995,36700,-73400,21,1,1,2,6770,6770,40620,2009,1141.71
48,35,500,0,430232,0,-51000,1,1,0,2,9680,4840,33880,2005,1090.03
297,48,1000,3000000,443861,54900,-36700,17,3,0,0,5720,5720,40040,2013,1464.73
160,36,1000,0,460801,0,-36600,5,3,2,1,5170,10340,36190,2003,1118.58
406,58,2000,0,605121,0,-42700,15,3,1,2,10920,5460,49140,2009,1117.04
157,31,500,7000000,458622,40700,-41600,2,4,2,2,4770,9540,33390,2011,1257.83
146,31,2000,0,478661,61400,-57500,3,1,2,0,580,580,4060,2015,1082.72
409,57,1000,6000000,435299,55600,0,19,1,1,0,6110,12220,54990,2012,1191.8
252,46,1000,0,601961,0,-28800,17,1,0,2,14980,7490,52430,2003,1242.02
6,27,500,0,604328,0,-47400,7,1,0,1,580,290,2320,2015,1075.71
103,33,1000,6000000,614385,0,0,21,1,1,0,12820,6410,57690,2002,969.88
369,53,2000,0,438584,0,0,10,2,1,3,7090,14180,56720,2012,1459.93
261,46,1000,0,478703,0,0,11,1,1,0,9180,9180,41310,2008,1245.61
159,33,2000,0,615683,69200,-36900,23,3,2,0,8160,4080,32640,2004,1462.76
344,51,2000,0,455672,0,0,14,1,0,2,7530,15060,60240,2004,1398.46
437,60,1000,0,602942,48800,0,10,1,1,3,7680,15360,61440,2012,1269.64
65,30,500,4000000,616706,0,-66300,6,3,2,3,15960,7980,55860,1999,1455.65
280,41,2000,0,473243,29300,-64700,10,3,0,3,9640,9640,33740,1999,1140.31
269,45,500,0,435552,54800,-64100,5,3,0,0,2200,4400,17600,2008,1330.46
275,40,2000,0,434206,0,-45300,17,1,1,3,7860,7860,27510,2001,1190.6
265,45,500,0,469895,0,0,3,1,2,3,290,580,2320,1995,972.5
283,43,2000,0,457722,0,-50400,9,1,0,3,1300,650,3900,2006,1161.91
84,29,1000,0,473645,0,-29900,6,1,2,0,620,1240,4960,2005,1117.17
247,44,2000,0,619108,64000,0,22,3,2,2,11580,11580,46320,2008,1101.51
56,29,1000,0,610479,0,0,10,3,1,2,7880,15760,70920,1995,1523.17
210,39,1000,0,474998,0,0,4,1,1,2,780,780,6240,1997,984.45
108,32,2000,4000000,616341,63900,-43700,23,1,1,3,5570,11140,44560,1999,1257.0
328,49,500,0,460535,0,0,19,1,0,2,8930,8930,53580,2005,1434.51
186,37,2000,0,606487,0,0,22,1,1,2,11120,5560,38920,2009,1628.0
277,44,500,0,620737,0,0,6,1,1,3,1000,500,3500,2005,1412.31
138,33,500,5000000,445904,56900,-56900,6,1,2,0,14740,14740,66330,2007,1362.87
208,41,1000,0,464145,0,0,18,1,2,2,6930,13860,48510,1996,1134.68
147,37,1000,0,466818,0,0,22,1,1,0,13520,20280,47320,1995,1306.78
8,21,500,0,464237,0,0,21,1,0,0,14040,14040,63180,2012,1021.9
297,48,1000,0,618455,0,-54700,12,1,0,0,6060,12120,42420,2004,1538.6
150,31,1000,0,456602,52800,0,6,3,0,3,6480,12960,45360,2000,1354.5
4,34,500,0,616126,0,0,0,4,0,0,6080,12160,48640,1996,1282.93
210,35,1000,0,468508,44900,-91400,11,1,0,2,5820,5820,46560,2013,1346.27
91,31,1000,4000000,431937,63600,0,19,1,1,0,6730,6730,47110,2011,1338.4
167,36,1000,0,448603,0,-38400,22,3,0,0,8710,8710,52260,2008,949.44
467,58,2000,0,444500,82200,0,2,1,2,3,5570,11140,38990,2014,977.4
264,47,2000,10000000,601117,0,-67400,16,4,1,2,5670,5670,51030,2001,1181.46
270,45,500,0,615383,83200,-53300,23,3,0,0,9880,0,44460,2005,1187.53
310,48,1000,0,434342,0,0,21,1,1,0,6130,6130,42910,2005,845.16
143,34,500,0,435100,67900,0,10,1,2,3,11700,5850,40950,1999,1442.27
146,32,2000,0,431278,0,0,12,1,0,3,6660,6660,46620,1995,1276.43
102,28,500,0,445648,55200,0,6,1,1,0,7340,7340,58720,1996,1075.41
61,23,500,0,448857,54600,0,6,1,1,2,4650,4650,32550,1997,1111.72
255,44,2000,6000000,435267,68500,0,7,1,2,2,640,1280,4480,2005,814.96
211,40,1000,0,461275,0,0,3,1,1,1,580,290,2320,2004,1575.86
61,29,1000,0,613816,0,-66000,10,1,2,1,590,590,4720,2010,1115.27
108,31,2000,0,608767,0,0,14,1,0,2,6370,6370,44590,2006,1175.7
303,50,500,0,620869,54600,-45500,17,3,0,3,13660,13660,54640,2008,793.15
152,33,500,0,478981,0,0,16,1,0,0,6400,19200,44800,2001,942.51
120,34,1000,0,464630,77900,0,3,1,2,1,580,580,2610,2002,1056.71
144,36,2000,6000000,466303,23600,-15600,7,1,0,0,740,1480,5180,2014,1255.68
414,52,500,0,452647,44000,-71000,13,1,1,1,6090,6090,42630,1999,1335.13
163,37,500,6000000,441370,0,-67300,20,1,2,3,4940,9880,34580,2005,1178.95
352,53,500,0,619166,0,0,23,1,2,2,12500,6250,50000,2009,1793.16
27,32,500,0,472803,37900,0,11,1,1,0,12300,6150,43050,2013,1008.38
239,39,500,0,442308,0,0,0,4,0,3,6990,13980,55920,2007,1396.83
33,32,500,5000000,469383,70300,-50300,2,1,0,1,6230,12460,37380,2012,1402.78
88,30,1000,0,614383,42800,-51200,3,1,2,0,14000,0,42000,2003,1437.88
101,33,1000,0,438617,12100,0,3,1,1,0,780,390,3120,1997,1313.64
20,37,500,0,613936,33000,-43600,15,3,2,1,6750,6750,47250,2003,1482.14
126,30,2000,0,472163,46500,-42700,23,1,2,3,4430,4430,39870,2011,1171.75
264,43,2000,0,447458,0,-8500,9,3,2,0,17300,17300,60550,2007,1353.33
78,24,500,0,474792,0,0,20,1,0,1,680,680,6120,2003,1175.51
123,28,2000,0,470559,38000,-41200,5,1,2,1,13300,6650,59850,2011,1836.02
347,51,500,9000000,432399,0,-12100,15,1,0,2,8630,17260,77670,1997,1480.79
163,38,2000,0,607605,51700,0,13,1,2,3,15900,7950,55650,1995,1453.92
271,44,500,0,600153,0,0,16,1,2,2,6930,13860,55440,1997,1340.71
410,54,2000,0,465979,0,-17000,0,1,0,2,9920,9920,39680,2001,714.03
448,57,2000,0,466555,38600,-50300,10,3,2,1,5970,5970,35820,2013,1376.16
218,41,500,0,444155,37900,-72900,14,3,2,0,15380,7690,61520,2013,914.22
43,38,1000,0,465764,64400,0,1,3,2,2,6850,6850,47950,2006,1601.47
33,33,1000,6000000,446898,45500,-60600,16,1,2,1,8140,8140,65120,1998,1096.79
126,34,2000,0,453274,54500,0,2,3,0,1,10620,5310,42480,2007,1078.22
411,56,1000,0,479320,0,0,23,3,0,0,3510,3510,31590,2007,1595.28
225,37,1000,5000000,443462,49600,0,19,3,2,2,9600,9600,38400,2015,1217.84
35,35,2000,0,446158,0,-51900,23,3,2,2,5910,11820,35460,1996,1117.42
460,57,2000,0,602514,62500,0,10,1,2,3,5830,11660,40810,2014,1567.37
195,38,2000,6000000,477356,38000,-50300,12,3,1,2,7180,0,57440,2003,1294.93
360,51,1000,0,434669,0,-62400,15,3,2,0,15080,15080,60320,2000,1152.12
300,49,1000,0,609322,0,0,3,1,1,0,1180,1180,4720,2001,1441.21
245,42,1000,7000000,614265,0,-68900,19,1,2,2,590,1180,4720,2011,1575.74
146,36,2000,0,606177,34500,-60600,16,3,1,1,5590,5590,44720,2015,1233.96
67,29,1000,0,461514,60400,-67800,16,1,0,3,6380,6380,51040,1998,1861.43
380,56,1000,0,454685,66000,0,10,1,0,1,7270,7270,43620,1996,1570.86
389,53,2000,0,477260,0,0,6,1,1,2,630,1260,4410,2001,791.47
317,46,1000,0,469126,43700,0,18,1,2,1,19020,19020,66570,1999,1012.78
264,44,500,6000000,443402,0,0,20,3,0,2,12700,6350,50800,1999,1047.06
20,21,1000,0,479408,0,-41200,14,1,0,0,12580,6290,44030,2006,1390.29
116,30,500,0,467227,0,-35500,8,3,0,3,6630,6630,46410,2004,951.46
222,40,1000,0,468433,49600,-49200,17,2,2,0,16300,8150,57050,2013,1226.78
439,56,500,0,604289,48900,-40900,9,1,2,0,15000,5000,30000,2009,1280.9
66,28,2000,0,471366,0,-31700,0,1,2,1,8780,8780,30730,1995,1472.77
128,29,1000,0,450746,0,-76000,2,1,0,0,5370,5370,48330,2003,1878.44
69,24,500,0,614948,0,0,23,3,0,0,12660,6330,44310,2012,1418.5
294,46,500,0,473935,0,0,8,1,0,3,11960,11960,41860,2013,1532.8
19,29,500,0,617267,0,0,6,3,0,2,11600,11600,52200,2005,1304.35
191,33,2000,0,470670,45000,-30400,3,1,1,1,250,250,1750,2005,1551.61
4,39,1000,6000000,450368,64200,0,14,3,1,3,4510,9020,40590,2007,1326.98
298,49,500,0,448809,0,-71700,16,3,0,2,11580,11580,46320,2007,862.92
231,43,2000,0,469653,0,0,12,1,1,2,10300,10300,46350,2015,1331.69
338,47,2000,0,615688,0,-56200,1,3,2,3,12820,6410,44870,2014,1486.04
261,46,1000,0,465631,0,-49400,19,1,0,3,13380,13380,53520,2013,870.55
321,44,2000,6000000,443344,0,-39100,7,1,1,2,520,0,4160,1999,1344.56
0,32,1000,0,441363,61400,-41100,6,4,1,1,6620,6620,26480,2002,1377.04
405,58,500,0,462683,0,-46900,11,1,0,0,5780,5780,52020,1997,1237.88
304,49,1000,0,463184,0,0,2,1,1,1,13340,6670,53360,2013,1525.86
1,29,500,0,612826,52200,0,15,1,2,3,7890,23670,55230,2003,854.58
26,39,1000,0,433155,0,-53700,0,1,0,2,9960,4980,34860,2015,770.76
202,38,2000,0,616120,0,-37500,12,1,1,1,7040,14080,56320,2005,1132.74
289,48,500,8000000,461744,0,-42700,1,1,1,0,8580,0,34320,1999,1173.37
61,26,2000,6000000,475916,0,-53800,16,2,1,0,11960,5980,35880,2015,1188.28
334,46,1000,6000000,454434,0,0,2,1,2,1,12740,6370,38220,1998,876.88
12,24,1000,0,464353,51400,0,13,3,2,1,5930,5930,41510,2011,1143.95
86,29,2000,0,610302,74200,-68100,0,1,2,2,9680,14520,38720,2005,1409.06
83,24,1000,0,462106,0,0,0,3,0,1,6160,12320,43120,2003,1070.63
126,30,2000,0,431389,55300,-58400,16,3,2,0,6180,12360,55620,2002,916.13
209,38,500,0,442866,38600,-52900,8,1,2,0,8900,8900,62300,2015,1191.5
283,48,1000,0,446755,0,-46200,9,1,2,3,820,820,4920,2003,1474.66
194,34,1000,0,464743,0,0,11,1,2,1,11760,5880,41160,1997,1193.45
184,38,1000,0,437889,0,0,6,3,0,2,11940,5970,35820,2013,1437.53
479,60,2000,0,473638,0,0,18,1,0,0,5050,10100,45450,2001,1304.83
284,48,1000,0,444232,0,-42400,11,1,0,3,6500,3250,26000,2001,1168.8
65,27,1000,0,477695,43000,-42500,17,1,1,2,3570,7140,32130,2004,1164.97
222,39,1000,0,458237,87800,-51200,21,3,1,0,14660,14660,58640,1999,1232.72
196,41,2000,0,441499,0,-78600,0,3,1,0,4780,4780,38240,2009,1800.76
253,43,500,7000000,613436,46300,-33000,9,1,0,1,640,640,2560,2014,1187.01
280,43,1000,0,448912,0,-51600,1,1,0,2,14000,7000,56000,2004,1559.34
5,26,2000,0,468872,31500,0,22,1,1,3,16020,16020,56070,2003,1137.02
220,42,1000,0,619811,33500,-49500,20,4,0,2,4340,4340,39060,2005,1281.72
85,30,1000,0,614166,72400,-77000,9,3,2,1,5360,10720,42880,2004,796.35
266,46,500,0,456600,0,-45800,5,1,1,2,480,240,1440,2004,1270.02
41,26,1000,0,618405,46700,0,12,1,1,1,530,1060,5300,1997,1383.13
316,45,2000,5000000,430832,58300,0,6,3,2,0,7170,14340,57360,2013,1290.74
285,47,1000,0,610989,55100,0,8,1,1,1,300,300,2100,2013,1216.68
379,54,500,0,447750,41400,0,14,1,0,1,6330,6330,63300,2010,1251.16
15,34,2000,0,608708,33500,-58900,10,1,1,3,6870,13740,54960,2010,1586.41
354,48,2000,5000000,469650,0,0,12,1,2,3,15040,15040,60160,1995,1526.11
342,53,1000,0,602304,0,0,12,1,0,0,14720,7360,58880,2000,1028.44
169,38,1000,0,459878,23300,0,12,3,1,3,6590,13180,59310,2012,1555.94
339,49,2000,0,441142,98800,-65300,13,1,0,3,1240,620,4960,2009,1570.77
259,42,2000,0,465667,65000,-49200,17,3,1,2,5690,11380,45520,2006,1170.53
65,23,1000,0,473109,0,-71900,14,1,1,0,6550,6550,39300,2005,1099.95
254,46,2000,0,619794,0,-90600,3,3,1,3,5780,11560,46240,2004,1472.43
440,55,500,0,602258,0,-56200,18,3,2,1,6140,6140,49120,1995,1275.62
478,63,1000,0,479724,47600,0,5,1,1,3,940,470,3290,2007,1292.3
230,44,2000,0,442210,45400,-39400,19,1,0,2,13480,13480,47180,2015,1009.37
138,30,500,4000000,463291,27700,-72400,0,1,2,2,6930,13860,62370,2011,1093.07
239,41,1000,7000000,474898,51400,-6300,22,1,0,2,1660,830,8300,2013,1325.44
93,31,2000,0,431354,0,0,21,3,1,3,8740,8740,30590,2014,1017.18
37,25,1000,0,617460,49300,0,4,3,0,0,5670,11340,34020,1996,1221.17
254,40,500,0,609317,0,0,10,1,0,1,0,5410,37870,1996,1927.87
131,29,1000,0,479821,65700,0,5,1,1,3,15280,7640,53480,2003,978.27
230,43,2000,0,473394,48100,0,13,1,0,2,13720,13720,48020,2002,1221.14
313,50,2000,0,603882,0,0,18,3,2,1,13800,6900,48300,1995,1255.62
210,38,500,0,615229,0,0,6,1,1,2,1440,720,6480,2008,999.52
101,29,500,0,620197,30000,-53000,0,3,2,1,12220,12220,42770,1996,1380.89
153,37,500,0,438215,52300,-55600,5,3,0,3,4250,4250,34000,1999,1010.77
337,53,500,0,444583,0,-34600,8,1,0,1,14400,7200,64800,2001,1205.86
360,51,1000,0,471866,0,-32900,5,1,2,2,840,840,2940,2009,1526.61
428,53,1000,0,616884,0,0,9,1,2,2,630,1260,5040,2013,1496.44
204,40,500,0,448310,0,0,10,3,1,2,8340,8340,25020,2013,1256.2
364,51,500,0,478902,0,0,16,1,2,1,14060,14060,49210,2014,1268.35
185,35,2000,0,442695,0,0,8,1,2,3,900,450,3600,2011,1421.59
63,26,500,6000000,613826,0,-36500,5,1,0,2,860,860,3440,2004,1500.04
210,35,500,0,476203,0,-19500,11,3,2,1,2730,2730,19110,2006,1433.24
194,38,2000,0,604333,46500,0,15,3,1,0,4880,9760,39040,2011,1231.25
294,49,500,0,442604,22700,0,23,3,1,1,3900,3900,35100,2010,1135.43
272,41,2000,5000000,435663,38600,-42800,23,1,0,0,16820,8410,58870,2009,945.73
27,27,2000,0,470866,0,-55800,23,1,1,3,6840,6840,47880,2008,1118.76
251,39,2000,0,612908,0,-31700,10,1,0,0,5530,5530,33180,1997,1231.98
180,33,2000,0,441871,58100,-49000,12,4,2,3,11540,5770,40390,2002,1005.47
392,50,2000,0,431496,68400,-66800,4,1,2,2,16620,16620,74790,2002,1108.97
143,30,500,5000000,436499,0,-65700,16,1,2,0,10860,5430,38010,2010,1392.39
371,54,2000,0,469853,34700,-81000,18,3,1,2,5380,5380,21520,2010,1317.97
292,42,1000,0,605369,0,-53800,15,3,1,1,16920,8460,59220,2007,1588.22
165,35,500,6000000,448466,0,-49900,8,1,1,3,6970,6970,55760,2008,900.02
158,33,1000,3000000,432786,0,0,4,3,0,1,3640,7280,25480,1998,1744.64
241,39,1000,0,473591,0,-54900,20,3,0,2,4690,4690,28140,2010,1260.56
103,33,2000,0,618418,69500,-47700,1,3,2,3,14380,14380,50330,2014,1021.14
402,54,2000,0,444558,48000,-79600,19,1,0,2,7530,15060,45180,2013,1285.09
102,32,500,3000000,457733,0,0,11,1,1,0,9480,4740,33180,2004,1537.07
182,40,1000,0,466161,50000,-56900,13,1,0,2,7110,14220,49770,2008,1022.42
282,46,2000,0,450800,51100,-75100,2,1,2,2,13880,6940,48580,2012,1558.86
222,39,500,0,458993,71400,0,9,3,2,1,5000,10000,40000,1996,1757.87
415,52,1000,0,468634,50400,0,15,2,1,3,7860,7860,35370,2003,973.5
51,34,500,0,461264,0,0,23,1,2,3,6420,19260,38520,2007,1430.8
255,45,500,0,600184,0,-40200,16,1,2,0,12240,12240,42840,2006,1192.27
143,31,500,0,604874,37700,0,21,4,2,0,6920,13840,55360,1999,1163.83
130,28,1000,0,462377,0,-38500,21,2,2,1,13080,13080,58860,2010,1003.15
242,41,2000,6000000,619657,0,-57000,3,3,0,1,12380,12380,43330,2009,1153.54
96,27,1000,0,437323,0,0,4,1,1,2,670,670,4690,2007,1631.1
180,35,1000,0,432148,0,-55800,17,1,1,3,1020,510,3570,2000,1252.48
150,30,1000,0,439690,40100,0,7,1,1,3,510,510,3570,2013,1677.26
463,59,1000,0,601848,51700,0,14,2,1,2,7240,14480,50680,1999,979.73
472,64,500,0,615821,0,0,13,1,2,3,14180,7090,49630,2002,989.24
75,25,1000,0,472475,0,0,23,2,2,3,6510,6510,52080,2011,1389.86
193,40,500,0,457463,0,0,23,3,2,1,0,14280,49980,1999,1233.85
43,43,500,0,604861,0,0,16,1,2,1,7270,21810,50890,1996,1320.39
253,41,1000,0,471519,36600,0,17,1,2,0,6290,6290,44030,1995,1435.09
152,30,500,0,618682,58600,0,9,1,1,1,7690,7690,69210,2000,1448.54
160,38,500,0,441425,0,-43800,13,3,2,1,7420,14840,44520,1996,1733.56
56,36,500,0,609336,0,-28800,13,1,1,2,0,6500,52000,2001,1533.07
286,41,500,0,603320,45500,-62500,3,1,2,0,500,500,4000,2003,1106.77
3,29,500,5000000,615446,0,0,3,1,2,1,500,1000,3500,2008,995.7
286,41,1000,6000000,435967,71300,-70300,16,3,1,3,6050,12100,36300,2007,1298.85
239,38,1000,5000000,610246,0,0,12,3,1,3,6880,6880,48160,2003,1276.73
64,29,2000,0,479327,0,-61400,4,1,1,2,4370,4370,34960,2007,1202.28
98,31,500,0,468300,0,-26400,3,1,2,0,7120,7120,49840,1997,671.92
16,35,1000,0,612660,59300,-31400,0,1,2,1,10000,10000,35000,2008,1358.03
70,27,1000,4000000,466691,46000,0,19,1,2,3,0,550,3850,2000,1008.79
75,27,1000,0,468515,0,0,15,2,0,1,5970,11940,53730,2008,1141.1
246,44,1000,0,614521,0,0,6,1,1,0,6860,6860,48020,1997,1397.0
110,27,1000,0,465921,0,-66200,3,1,0,3,5750,5750,46000,2010,1664.66
236,39,1000,4000000,604555,0,-63900,17,1,0,0,870,1740,6090,2003,1151.39
267,46,2000,0,616276,0,0,4,4,2,1,15420,7710,53970,1996,1546.01
463,57,500,0,463356,0,0,14,1,2,0,6600,6600,46200,1995,1063.67
303,46,1000,0,450184,0,0,3,3,1,0,9980,4990,39920,2006,709.14
137,30,500,0,466393,55600,-59700,4,3,2,1,6730,13460,53840,2005,1039.55
56,42,500,0,471786,0,0,13,1,1,2,11180,11180,39130,1998,1339.39
75,27,1000,0,602289,57900,-90100,23,3,0,2,6630,13260,59670,2003,1202.75
131,33,2000,0,445120,0,-65200,3,1,0,1,490,490,3920,2010,1081.17
153,34,500,0,449260,45600,-61400,0,3,1,0,14140,14140,49490,2000,991.39
255,43,500,0,472724,75800,0,14,2,2,2,7470,14940,52290,2007,984.02
103,26,500,0,475173,66300,0,14,2,2,2,4060,4060,32480,2010,1354.83
97,28,1000,0,443854,0,-32600,22,1,1,0,10060,10060,25150,2006,830.31
214,36,2000,7000000,461418,0,0,17,3,0,3,4280,8560,34240,2006,987.42
438,57,500,0,616164,0,0,14,1,0,0,4070,4070,32560,2000,1119.29
87,27,500,0,620962,0,0,2,1,2,1,6300,3150,25200,1996,1048.39
27,28,1000,0,465201,0,0,4,1,2,0,400,400,2400,2012,1074.47
206,42,1000,0,470488,0,-74200,2,1,1,1,7180,14360,57440,1997,1230.76
127,31,500,0,462250,58200,0,10,1,1,0,560,1120,4480,1996,1255.02
422,60,1000,0,436408,43600,-67800,11,1,1,1,15500,7750,62000,1999,1555.52
303,50,2000,5000000,464230,0,0,1,4,1,2,12140,6070,54630,2010,836.11
228,40,500,0,478609,43700,0,20,1,0,2,1100,1100,3850,2010,1450.98
239,39,2000,0,437156,44200,-37000,10,1,2,3,15980,7990,63920,2014,625.08
330,47,2000,0,432218,0,-56400,20,2,0,2,11000,5500,44000,1999,1133.27
128,35,500,0,620493,0,0,10,3,2,1,16040,16040,56140,2008,1366.6
147,37,1000,6000000,475391,0,-48400,2,2,1,2,9760,4880,39040,2004,1439.9
287,45,1000,0,440720,0,-54600,19,1,0,2,5380,5380,43040,2006,1230.69
142,29,2000,0,606942,0,-48500,10,1,1,2,4530,9060,40770,1995,1307.68
162,35,2000,0,446971,0,0,14,1,0,3,9880,4940,39520,2001,1124.69
140,35,1000,0,470538,0,-42900,5,1,0,2,520,260,2080,1997,1520.78
106,28,2000,0,601177,0,0,8,1,2,1,0,1220,4270,1999,1609.11
292,45,1000,0,451470,0,0,4,1,0,2,670,1340,5360,1997,1358.91
34,34,500,0,438529,0,0,4,3,1,0,5080,5080,40640,1997,1295.87
290,48,500,5000000,469742,45300,0,20,2,1,1,5190,5190,31140,2014,1161.03
182,38,2000,0,435534,53800,-78300,18,1,2,3,8150,16300,65200,2005,1441.06
362,55,1000,0,442239,44400,-71500,0,3,0,3,0,0,39690,1998,1097.99
143,32,1000,0,468986,79900,0,1,1,2,0,5660,5660,50940,1995,1464.42
183,38,500,0,606988,20200,0,17,1,0,1,9440,4720,37760,2001,1543.68
254,40,500,5000000,453719,0,-74400,23,1,2,2,9720,4860,38880,2009,1390.89
249,43,2000,0,475524,0,-71200,4,3,2,1,5710,5710,45680,2014,1148.58
169,36,500,0,617804,50700,-57600,0,3,2,3,14080,7040,56320,2004,1616.26
235,40,500,0,613399,0,0,11,1,1,2,6830,13660,47810,2003,1398.94
112,32,1000,0,453400,57800,-53700,4,1,0,2,460,920,3680,2012,1238.92
16,32,1000,0,615767,50800,-66200,0,3,0,2,6600,13200,39600,1995,968.46
128,31,500,0,615311,0,-28300,2,3,0,2,0,15540,54390,2013,1045.12
103,27,1000,0,468470,0,-74800,11,3,1,1,7770,15540,54390,2008,1537.33
356,54,500,0,461383,58500,-44000,23,3,2,1,12500,12500,43750,2007,912.3
109,29,2000,6000000,457727,0,0,17,3,1,3,16560,16560,57960,1995,1007.28
2,20,1000,4000000,613327,0,-54700,22,1,1,3,4030,8060,36270,2000,1189.98
198,34,1000,0,614941,0,-55100,18,1,1,1,9500,9500,76000,2001,1576.41
107,32,500,4000000,440680,82100,0,8,1,1,3,780,390,2730,2010,1172.82
252,39,500,9000000,609949,0,-33300,15,3,0,3,11880,5940,41580,2010,1312.22
303,43,1000,7000000,479655,42900,-61500,20,1,2,0,6690,6690,46830,2013,671.01
101,32,500,0,439964,52600,-30400,4,1,0,3,8720,4360,30520,2010,895.14
446,57,2000,0,478486,42700,-64900,10,3,0,0,6280,12560,43960,2012,1373.21
330,48,1000,0,466498,0,0,10,1,1,3,11900,5950,41650,2006,1625.65
211,37,2000,4000000,430878,42200,-33800,22,3,1,0,5940,5940,41580,2009,1295.63
172,33,1000,6000000,600127,41300,-42000,15,3,0,1,7580,7580,26530,1999,1459.96
316,46,500,7000000,431968,0,-51000,13,1,0,1,6310,12620,44170,2000,1219.94
435,60,500,5000000,462804,73500,-43300,23,1,2,1,5240,10480,47160,2007,1064.49
344,51,1000,0,435809,0,-38700,18,3,2,2,17400,11600,46400,2006,959.83
204,40,2000,0,453193,0,-49300,7,1,1,1,4200,8400,33600,1997,1767.02
278,47,500,0,459630,0,-39800,21,1,2,2,5850,5850,46800,2010,1285.01
434,57,2000,0,608982,0,0,15,3,1,3,11040,11040,44160,2003,1422.95
209,36,2000,0,452218,0,0,17,3,1,3,8180,8180,49080,2014,1223.39
250,43,2000,0,434150,37800,0,2,1,0,3,10700,10700,42800,2002,1539.06
61,25,2000,0,460579,0,0,1,3,1,0,4040,4040,24240,2000,988.06
80,28,1000,0,442142,0,-18600,3,1,0,1,3720,3720,26040,2011,1740.57
25,38,1000,7000000,608807,40900,0,0,1,1,1,480,960,2880,1995,1540.91
4,29,500,5000000,433153,0,-77800,4,1,0,2,840,420,2940,2008,1381.88
32,29,500,0,436560,0,-45700,11,3,2,0,10540,5270,42160,2006,1446.98
125,31,500,0,436784,55400,-40400,4,1,1,2,0,960,3360,2003,1220.86
276,45,500,0,430621,44500,-61400,11,3,0,2,13860,6930,48510,2010,948.1
148,30,500,0,601574,57500,-93600,4,3,2,2,4060,4060,24360,1997,1471.24
222,38,2000,0,433853,0,-64500,20,1,2,2,6720,6720,47040,2001,1157.97
32,38,2000,5000000,453164,0,0,22,1,0,0,440,440,1760,2015,566.11
78,27,500,0,613931,0,-66500,4,1,0,3,550,1100,4400,2009,1060.88
238,43,1000,4000000,607458,0,-44800,21,4,0,0,4270,4270,34160,1995,1524.45
313,47,1000,0,463835,63900,-53300,20,1,1,3,3660,7320,29280,1996,1556.17
334,50,500,0,613945,26700,-47200,7,1,2,0,5000,10000,35000,2008,1216.24
190,35,500,5000000,432699,0,0,4,1,0,1,640,320,2880,1998,1484.72
194,41,500,0,613119,52500,-51300,17,3,0,2,13700,20550,61650,1999,1203.81
290,47,1000,0,472922,0,-61400,20,3,1,3,6240,12480,37440,2002,1393.34
26,42,1000,0,613849,50700,-36300,10,1,2,3,5730,11460,45840,1996,1484.48
254,41,500,5000000,603827,42200,-48000,8,1,2,2,5770,11540,46160,1999,1581.27
199,38,1000,0,467780,0,-53100,6,1,0,2,8080,4040,32320,2007,1281.25
137,35,500,0,460586,48500,-67400,4,1,1,1,1200,1200,4200,2005,1667.83
134,36,1000,0,613842,14100,-44500,17,3,2,0,9650,9650,57900,1996,1497.41
73,30,500,0,435371,0,0,15,3,0,0,0,11400,45600,2013,803.36
289,45,2000,0,466289,46700,-72500,9,1,2,1,300,300,2100,2006,1221.41
176,36,500,5000000,436173,32800,-50600,17,1,2,1,4300,8600,34400,2006,1865.83
145,37,2000,0,457234,0,-35900,13,1,2,3,5010,10020,40080,2002,1434.27
164,31,500,0,474758,44500,-55900,5,1,1,0,480,480,3360,2002,1114.68
186,38,2000,0,477373,39300,-60300,23,3,2,2,11460,5730,51570,1998,1218.56
85,31,2000,9000000,613471,0,0,1,2,2,1,14880,7440,52080,2003,1234.69
162,33,500,0,601581,45700,0,17,4,2,1,3530,3530,28240,1996,964.92
396,57,500,0,612102,0,-49400,3,1,1,3,480,480,1680,2000,1351.72
270,41,1000,0,460263,62200,0,17,3,1,1,4630,9260,46300,2014,817.28
168,39,1000,0,479134,0,-42600,23,3,1,3,3780,7560,30240,2015,1389.59
274,45,1000,0,451467,54700,-47900,13,1,0,0,11700,0,46800,1995,1353.53
263,43,1000,0,602670,0,0,17,1,2,3,13220,6610,59490,1997,1294.04
152,33,1000,0,613607,0,0,2,1,0,2,7510,7510,67590,2002,840.81
46,41,2000,0,611556,43700,-66300,23,3,1,3,13100,19650,45850,2004,998.19
276,46,2000,0,435518,0,-70400,17,1,1,2,5710,5710,39970,2007,1090.32
234,44,500,0,465942,0,0,3,1,1,0,7020,7020,56160,2012,1780.67
64,30,2000,0,446174,0,-51100,16,1,2,1,490,1470,2940,2015,1681.01
456,62,1000,0,611651,82600,-49500,13,3,1,3,5540,11080,49860,2012,1395.77
58,23,2000,5000000,446657,57500,0,8,1,2,1,4580,9160,36640,2007,1471.44
475,61,500,0,612506,0,-59500,23,1,0,2,9900,9900,44550,1998,1265.72
96,29,1000,5000000,618493,47500,-58700,15,3,2,3,5540,11080,38780,2004,1274.7
99,28,500,0,612664,0,0,3,1,2,2,4990,9980,34930,1998,1330.39
38,28,500,4000000,473653,78000,0,4,3,0,3,12480,12480,49920,2000,1122.95
259,44,2000,0,454529,0,0,8,1,0,0,16280,16280,73260,2002,1655.79
241,43,1000,0,437422,0,-36000,21,1,1,0,1300,650,5200,2003,935.77
437,58,2000,0,619470,66100,-31400,23,1,0,0,11160,11160,33480,2004,1192.04
130,34,500,0,442666,0,-41200,8,1,1,3,1060,1060,3710,2015,990.11
269,41,2000,0,620507,0,-46400,21,1,2,1,17180,17180,51540,2005,1422.21
103,29,500,0,614867,72100,0,5,1,2,3,790,1580,4740,2005,914.85
284,43,500,0,609898,48200,0,12,3,0,0,6720,3360,26880,2007,1123.84
189,39,2000,0,450702,0,0,7,3,2,0,6440,6440,51520,1997,838.02
267,43,500,0,600418,49000,0,0,1,1,3,480,0,1440,2011,1300.68
39,22,500,0,431202,0,0,14,1,0,1,15660,7830,62640,2009,1173.21
140,32,1000,5000000,457793,0,0,13,1,2,3,14940,7470,59760,1995,985.97
243,41,1000,0,470190,17300,-60400,1,1,1,0,10060,5030,35210,1999,1129.23
116,31,500,0,603733,28600,0,23,1,0,0,4420,8840,30940,1997,1194.83
219,43,1000,0,465136,51300,0,1,1,2,2,6060,6060,54540,2006,1114.29
96,26,2000,0,611723,10000,0,9,1,2,3,7120,14240,56960,2007,1509.04
149,34,500,0,608963,0,-60000,3,1,0,1,16160,16160,72720,1999,664.86
246,43,1000,6000000,454139,0,0,0,1,2,1,5070,5070,40560,2006,1267.4
293,45,1000,0,447560,51500,0,13,3,1,1,11380,5690,34140,2015,1119.23
339,48,500,0,444378,0,0,18,3,2,1,8640,8640,34560,2001,1698.51
160,33,1000,0,616583,61600,0,17,3,2,3,5280,5280,42240,2006,1422.78
224,42,500,0,455913,0,-51400,11,1,0,0,9200,13800,32200,1998,1212.75
194,34,1000,0,454399,55300,-37900,0,1,0,3,1400,1400,6300,2003,1423.34
385,51,1000,0,602842,0,-61000,14,3,1,3,13520,6760,47320,2007,976.37
100,33,500,6000000,459428,67300,0,4,1,1,2,6800,6800,27200,2004,1124.59
371,50,1000,0,613114,79600,0,2,3,2,1,13000,13000,58500,2011,1569.33
175,39,500,5000000,450709,0,-43600,9,3,2,2,13020,6510,52080,2012,1359.36
373,55,500,0,444626,0,0,21,4,0,2,6060,12120,42420,2007,1607.36
258,41,500,0,601206,0,-44400,0,3,2,3,6770,20310,54160,2008,1042.25
255,39,500,0,470389,38200,0,17,3,0,3,2930,5860,20510,2010,1453.95
37,31,500,0,615218,0,0,21,3,1,1,6950,13900,55600,1995,1969.63
322,44,1000,0,606249,49900,-62700,20,3,0,3,9880,4940,34580,2010,1156.19
204,38,2000,0,616161,0,-45100,5,1,0,1,16460,16460,57610,2003,1124.47
76,31,500,5000000,442335,39900,-44000,7,1,2,1,1460,730,5840,1995,1493.5
193,40,500,0,604952,34200,-32300,6,1,0,0,6390,6390,51120,2001,1155.38
405,55,500,0,441533,57100,0,2,4,0,2,4830,4830,28980,1997,878.19
435,58,2000,0,471784,0,-40000,19,3,1,1,9220,4610,27660,2004,1145.85
54,35,500,0,453265,68500,-42100,21,3,2,0,14380,7190,57520,2012,1261.28
144,35,500,0,444922,0,0,3,3,0,0,17580,8790,61530,1995,1427.46
92,32,500,0,474324,58900,-29100,22,1,2,3,5340,5340,42720,1996,1592.41
173,36,1000,0,441298,51000,0,22,1,2,3,9460,9460,33110,1995,1274.63
436,60,500,0,446606,67600,-65300,16,1,0,2,14920,7460,59680,2005,1362.31
155,35,1000,0,459537,83600,0,0,1,0,3,8060,8060,32240,1997,919.37
78,31,1000,0,440757,72600,0,1,3,2,1,5810,11620,34860,1997,1377.23
440,57,1000,5000000,604948,51500,-52100,19,3,0,3,12400,12400,43400,2007,995.55
264,43,500,6000000,433275,0,0,0,3,2,1,13500,6750,40500,2015,1508.12
66,30,500,0,608309,21100,-60800,2,3,0,2,11920,11920,41720,2015,484.67
366,50,1000,0,462767,21200,0,5,3,1,3,12780,12780,44730,2012,1561.41
188,37,500,0,471785,46300,0,6,1,2,0,5000,5000,35000,2003,1457.21
224,39,1000,0,601397,0,-47100,21,3,2,1,12360,6180,43260,2007,1128.71
253,46,500,0,477636,52900,0,11,3,0,0,5870,11740,46960,2001,1358.2
446,61,1000,0,441967,49900,-62100,3,1,2,0,7050,14100,49350,2007,1232.79
169,37,1000,0,454776,70600,-48500,4,3,2,1,17370,5790,34740,2005,936.19
255,46,500,0,431532,0,-52600,2,3,1,0,5260,10520,42080,2011,1302.34
209,39,500,0,614169,67800,0,22,1,1,1,8400,4200,25200,1995,1264.99
210,37,500,0,601425,38700,-33100,8,1,1,3,6330,6330,50640,2000,1467.76
174,33,2000,0,477346,0,0,14,3,0,1,8840,4420,30940,1995,1124.43
70,28,1000,0,613587,67200,-59400,14,4,1,0,3520,3520,24640,2006,1319.81
89,32,2000,0,620358,49100,-45100,5,1,1,2,10,20,70,2002,1482.53
458,61,1000,0,617699,53000,0,18,1,2,1,6260,6260,43820,2003,1328.18
239,40,500,0,430567,0,0,20,3,0,0,6340,6340,57060,2003,1463.95
161,38,2000,0,439870,60200,0,0,3,2,2,5040,15120,40320,2003,1133.85
446,61,1000,0,438837,0,-15700,1,3,2,1,6740,13480,60660,2005,1037.32
476,61,1000,0,458997,42800,-68200,10,1,1,2,8980,4490,35920,2009,1562.8
70,29,1000,0,604147,62400,-52300,12,1,0,3,11560,11560,46240,2009,1425.79
233,41,2000,0,606638,67100,0,6,1,0,1,680,680,2380,2011,1615.14
122,33,500,0,619620,0,-48700,1,1,0,1,460,920,3680,2003,1236.5
335,48,2000,0,441671,59900,-34800,21,3,0,0,3260,6520,26080,2005,1017.97
257,40,2000,0,610381,46100,-46900,3,3,2,1,7700,3850,38500,2008,1306.0
85,27,2000,0,602416,50400,-61500,14,4,0,0,10740,5370,42960,2012,1174.14
133,30,1000,0,459562,0,-31700,19,3,1,2,3160,3160,22120,2007,1231.01
119,34,500,0,463271,57100,0,7,1,2,1,8280,8280,28980,1998,1299.18
169,34,500,0,458132,0,-57600,0,1,0,0,7740,3870,27090,2012,1469.75
225,39,500,0,448949,83900,-52100,6,1,2,1,1060,530,4240,2011,1390.72
84,32,500,7000000,603732,0,0,0,1,0,2,4770,9540,42930,1995,1694.09
169,39,2000,0,608929,0,-36800,9,3,0,3,4200,8400,33600,2015,1140.15
124,32,1000,0,469875,29300,0,23,1,0,1,5770,5770,46160,2003,1310.71
320,48,2000,7000000,443342,46300,-41700,13,3,2,0,4680,9360,42120,1995,1730.49
297,47,500,7000000,456363,0,-59500,0,3,0,3,5550,5550,33300,1999,1616.65
421,56,500,4000000,470826,49500,-81100,7,1,2,3,16860,8430,67440,2004,1935.85
136,33,1000,0,458582,37900,0,23,1,0,1,3070,6140,21490,2015,855.14
46,24,2000,4000000,454480,46800,0,7,1,2,0,11320,5660,39620,1999,1568.47
34,24,2000,0,435632,0,-27700,20,1,0,1,660,660,2640,1998,1550.53
95,30,2000,0,442206,48900,0,22,1,0,3,3480,6960,24360,1999,1370.92
140,36,500,0,468303,43200,0,10,3,2,0,7950,7950,63600,2000,1363.59
200,34,1000,3000000,467762,0,0,10,1,2,2,5600,5600,44800,2009,828.42
123,29,500,0,447188,64800,-44200,17,1,1,0,16280,0,56980,2014,1209.63
267,46,2000,0,469438,35000,0,3,1,2,3,900,450,3600,1995,1111.17
290,42,500,0,462519,32500,0,10,1,0,1,4800,9600,33600,2013,989.97
45,37,1000,0,432534,0,0,1,1,0,1,10440,5220,36540,2005,1114.23
186,38,2000,0,436467,80900,-111100,1,3,2,3,12300,12300,49200,1995,1347.31
135,34,2000,0,465674,0,-69600,7,1,1,2,15640,7820,54740,2009,1687.53
110,33,1000,0,442389,0,0,19,1,2,3,13800,9200,32200,2015,1183.48
259,43,2000,0,471614,0,-58300,3,3,0,2,6340,6340,44380,2012,1537.13
114,30,1000,0,442936,0,-34700,3,1,0,3,520,520,3640,2013,1173.25
404,56,1000,4000000,437944,0,-63700,23,1,2,0,5310,5310,42480,2005,1361.16
282,48,2000,7000000,473705,26900,-55300,7,1,1,2,640,320,2560,2013,1422.56
57,25,2000,0,469363,63100,-54100,0,3,0,1,14580,14580,43740,2010,1143.06
215,38,500,0,465376,0,0,10,1,0,1,7070,14140,49490,2008,1405.71
140,30,500,0,438775,100500,0,4,4,0,0,5470,10940,43760,2006,1354.2
250,42,500,0,457962,69500,-40700,16,1,1,1,13600,6800,54400,2009,1055.6
286,41,1000,0,477947,25800,0,3,1,2,0,820,410,2870,2009,999.43
356,47,2000,0,431104,0,0,5,1,0,3,5590,11180,44720,2009,1155.97
65,29,1000,0,456570,0,0,14,1,0,0,720,1440,5040,1999,1726.91
187,34,500,0,612986,59500,0,7,3,0,0,8200,4100,32800,2011,1232.57
386,53,500,0,615730,36800,0,16,1,2,3,12120,6060,48480,2006,1078.65
197,41,1000,0,478640,0,-64500,6,1,2,2,15280,7640,53480,1997,1324.78
166,37,500,0,470510,0,0,10,1,1,1,10600,10600,37100,2001,1518.54
293,49,2000,0,439360,34900,0,19,1,1,1,5210,10420,41680,2002,1239.06
179,32,2000,0,440251,0,0,10,1,0,1,5900,5900,41300,2006,1246.68
76,24,1000,0,600313,0,0,6,3,1,1,14940,7470,52290,1997,1622.67
105,28,500,0,452216,0,0,12,3,2,2,12100,6050,42350,1995,1082.36
97,26,1000,0,478532,0,-72100,10,3,2,3,7720,15440,61760,2006,1270.55
148,36,1000,5000000,616929,55100,0,0,1,2,0,5550,11100,44400,2009,1236.32
77,26,2000,0,620207,49700,0,12,3,2,0,12560,6280,50240,2009,785.82
295,46,500,0,605743,52200,-44500,10,1,1,3,760,380,3420,2007,1265.84
126,28,500,0,472814,0,0,3,4,0,1,11300,11300,45200,2011,1508.9
132,32,2000,0,464362,43100,-31900,21,1,1,1,1120,560,3920,2005,1106.84
370,55,2000,7000000,456203,0,-53200,6,1,0,2,900,1800,6300,2015,1389.13
257,43,1000,0,468984,52100,0,0,1,0,1,21330,7110,56880,2006,974.84
9,24,2000,0,473349,51700,-33300,6,1,0,3,540,1080,4320,2001,1304.46
185,34,500,0,474771,0,0,20,3,1,1,9340,4670,37360,2000,1257.36
234,43,500,0,448294,0,-48800,4,1,2,2,10320,5160,36120,2011,1257.04
253,44,2000,0,606606,45800,0,9,1,0,3,600,600,4200,1998,719.52
233,39,2000,0,605220,0,0,20,3,1,0,5430,5430,38010,1999,1524.18
274,44,500,0,466612,0,0,7,1,2,1,860,860,3870,2000,1395.58
297,48,1000,0,463331,0,-71400,18,3,0,2,6870,0,48090,2002,1243.68
273,47,1000,0,457843,59600,0,0,3,1,3,7960,3980,27860,2014,1189.04
147,37,2000,0,609226,0,0,11,3,0,1,6240,6240,43680,2015,1375.29
285,42,500,0,452942,63100,-79400,13,1,0,3,5270,10540,36890,2005,1389.13
289,43,1000,0,609390,0,0,19,3,1,3,7620,7620,53340,2010,1387.51
427,60,1000,7000000,446608,0,-54400,23,1,1,2,12980,19470,58410,2004,1178.61
380,53,2000,6000000,602500,0,0,23,1,0,3,570,570,4560,2001,1166.62
13,21,1000,0,463809,0,-75000,19,3,2,0,8630,8630,77670,2014,1556.31
282,43,500,0,611996,75800,0,19,1,1,2,4680,9360,32760,2007,1452.27
312,47,1000,0,459298,66900,-51800,17,3,2,3,7040,7040,42240,2000,1212.07
266,46,2000,0,468158,0,-41400,18,1,1,3,7590,15180,60720,1996,1578.54
30,36,500,0,440831,0,-63500,17,3,2,2,5790,5790,46320,2008,1488.26
198,36,1000,0,603848,0,0,11,3,1,3,5490,5490,38430,2015,1096.39
290,45,2000,0,617739,54400,0,22,3,0,1,6620,6620,52960,2012,1215.36
260,46,2000,0,607133,35000,0,7,1,0,1,10680,10680,42720,2005,1482.57
233,43,1000,0,437470,0,0,17,3,2,3,8500,4250,29750,2000,954.18
130,30,2000,0,461372,0,-40800,16,3,2,3,8900,4450,35600,2005,1193.4
230,42,1000,0,476130,0,-45300,13,3,1,2,10700,10700,37450,1999,1023.11
212,40,1000,0,452438,73200,0,17,3,0,2,8240,8240,65920,2006,1524.45
299,44,1000,0,460517,0,-48800,3,1,2,0,6780,6780,40680,2009,1653.32
91,26,1000,0,444896,52700,0,15,3,0,2,7420,7420,59360,1996,1022.46
398,53,2000,0,448722,21500,0,16,1,2,1,5270,5270,36890,2000,1396.43
218,43,500,0,477856,61100,-64500,18,1,1,3,13640,6820,47740,2003,1521.55
152,33,1000,0,617721,0,0,18,1,1,0,7100,7100,49700,2014,1034.27
212,39,1000,0,454176,60300,-58900,22,2,0,3,11860,5930,41510,2008,1255.35
242,44,2000,6000000,618127,0,-61600,15,3,1,2,6690,13380,46830,1999,1396.89
80,27,500,0,441923,0,-51000,16,3,1,3,3710,7420,29680,2000,795.31
260,43,500,0,604279,54500,-72100,18,1,1,0,15080,7540,52780,2011,982.22
133,34,500,0,440833,70900,-61100,8,1,2,0,420,840,2940,2013,1074.07
290,45,1000,0,451550,38500,0,23,3,0,0,5850,5850,40950,2001,1311.3
322,49,2000,0,431853,0,-46000,18,1,0,2,7680,7680,26880,2007,1277.12
228,39,500,0,614274,35200,0,10,1,1,0,6610,6610,46270,1995,1388.62
195,37,1000,8000000,619148,0,0,12,1,0,2,4420,4420,35360,2002,1406.52
247,39,500,0,456781,0,-49300,5,1,1,2,770,1540,5390,2000,1558.29
405,57,1000,4000000,434293,46300,0,21,3,2,3,10240,10240,40960,2008,1132.47
144,37,2000,0,460895,73700,0,17,3,1,3,5440,10880,38080,2015,1896.91
338,47,500,4000000,601600,0,0,4,1,2,1,9760,9760,39040,2002,1143.46
121,34,500,0,465440,0,0,11,1,1,1,6730,6730,53840,2000,1285.42
398,55,2000,0,455482,66200,-49700,18,1,1,3,3340,6680,26720,1998,1305.26
9,30,1000,0,438877,0,0,12,1,0,0,15580,15580,54530,2011,1073.83
115,31,1000,0,479824,0,0,18,3,0,3,0,4270,29890,2005,1051.67
280,48,1000,0,477415,0,-72000,16,1,2,2,10220,10220,40880,1998,1387.35
254,45,500,0,614372,59800,0,19,3,0,0,13280,13280,53120,2004,1083.64
141,30,1000,0,465248,78800,0,13,1,1,0,6860,6860,48020,2002,1851.78
441,55,500,4000000,449421,24000,-50500,4,1,0,0,640,640,5120,2002,1270.29
381,55,500,0,445856,35900,0,8,1,1,2,12120,6060,42420,2011,1459.99
191,38,2000,0,608525,0,0,19,3,2,0,10240,5120,40960,2007,1253.44
145,34,1000,0,608813,0,0,18,1,2,0,9500,4750,38000,2012,1142.48
479,60,1000,0,459295,0,-44800,9,2,0,3,5390,10780,37730,2006,1188.45
215,35,1000,0,606144,40000,-43400,6,1,2,1,220,440,1980,2001,1125.4
41,33,500,0,476315,0,0,8,1,0,0,1380,1380,6210,2011,1294.41
45,31,500,0,475891,0,0,6,1,1,3,1000,1000,4000,2000,1459.5
156,38,500,0,462525,26500,0,23,3,0,3,11040,5520,38640,1998,1367.99
246,45,500,0,606283,0,0,13,1,0,3,660,1320,5280,2008,1594.37
178,39,500,0,465252,0,0,3,3,2,0,11760,11760,41160,2010,1035.99
237,43,500,0,449979,53200,0,23,1,0,1,0,11840,47360,1998,911.53
127,34,500,0,604681,73700,0,8,1,1,3,470,940,3290,1998,1319.97
1,33,2000,0,466390,61200,0,23,1,0,3,6940,6940,55520,2000,1391.63
5,21,500,5000000,612316,0,0,23,1,0,0,4050,4050,32400,1998,915.41
64,28,1000,0,474731,56800,-51800,9,3,2,1,5000,10000,45000,1997,1468.82
142,30,500,0,603260,66400,-63700,22,1,2,3,11220,11220,44880,1996,1412.76
97,27,500,0,434370,56700,-49300,22,3,2,1,8410,8410,58870,2014,1588.26
121,31,1000,0,478388,51300,0,15,3,1,2,6430,6430,51440,2002,1140.91
225,43,1000,0,617883,0,-20900,16,3,2,0,6440,6440,51520,2011,1517.54
425,53,2000,0,464808,42900,-39100,17,3,1,2,16180,16180,64720,2005,912.29
285,44,2000,0,609458,52600,0,3,1,1,0,500,500,4500,2010,1144.3
192,38,1000,0,432405,65100,-50300,10,3,0,2,3070,6140,21490,2010,1281.43
285,48,2000,0,457875,46100,0,9,1,1,2,3720,3720,26040,2012,1101.85
98,26,2000,0,477268,0,-30900,13,2,0,1,14540,7270,43620,2001,1082.1
175,36,500,0,437580,44900,-52500,15,3,2,1,3880,7760,31040,2006,1185.44
259,45,2000,0,457121,30100,0,23,1,1,1,7980,7980,71820,2011,1175.07
140,36,2000,0,436364,0,-67000,2,4,0,2,14560,14560,43680,1998,979.26
231,37,500,0,467654,0,0,14,1,2,0,0,7910,63280,1997,920.81
186,38,500,0,471148,70300,-70900,7,1,1,1,400,400,2800,1999,922.85
229,41,2000,3000000,468202,65400,0,23,1,1,3,10440,10440,41760,2009,1107.59
180,36,500,0,456959,0,0,7,3,2,1,12660,6330,50640,1998,1272.46
188,33,1000,0,447274,0,-68800,8,3,1,0,13820,6910,55280,1995,1340.24
214,40,1000,0,608405,57700,-43500,17,1,1,0,8040,4020,32160,2000,1648.0
178,38,500,0,472253,0,0,10,3,0,3,5200,10400,41600,2011,1381.14
55,35,500,8000000,438923,0,0,9,1,0,3,560,560,1960,1998,1198.44
90,31,2000,0,607131,42100,0,2,1,1,0,13780,6890,55120,2007,951.27
135,30,2000,0,601701,37100,-46500,18,3,0,1,5940,2970,23760,2003,1341.24
277,46,2000,0,469220,0,-65500,4,1,2,3,430,860,2580,2010,1177.57
211,38,1000,0,433250,0,0,12,1,0,3,8320,16640,66560,2005,1055.09
156,32,500,0,444413,0,0,15,1,1,3,6790,13580,54320,2008,1479.48
84,30,2000,0,433593,0,-15900,9,1,1,3,420,840,3360,1998,1827.38
136,32,500,0,458143,0,0,6,1,0,0,10000,10000,35000,2008,1169.62
310,48,500,0,474167,11000,0,11,4,0,2,13200,6600,39600,1996,1516.34
123,34,2000,0,476413,16100,-61200,13,3,1,1,6140,0,49120,2000,1270.21
243,44,500,0,600208,33200,0,4,3,2,1,5140,10280,35980,1996,809.11
36,37,1000,0,618926,0,-59800,20,3,1,3,5420,10840,32520,2008,1115.81
146,31,1000,5000000,606219,0,0,0,3,1,3,5820,5820,40740,2010,1457.65
154,34,1000,0,448436,53100,-43900,18,4,2,3,13520,13520,47320,2005,1041.36
204,40,1000,7000000,447976,44000,-20800,6,1,1,0,5340,5340,42720,2003,1693.83
458,59,1000,0,472236,31400,0,23,1,2,2,14360,14360,43080,1995,1685.69
147,31,500,6000000,468232,51900,0,4,1,0,0,8530,0,59710,2013,1054.92
279,45,2000,6000000,620819,61100,-30700,21,3,1,0,11100,11100,38850,2011,1333.97
308,47,1000,6000000,452349,45700,-41400,7,1,1,1,860,860,3870,2002,1013.61
284,48,500,0,464646,47900,0,19,3,0,0,8520,8520,29820,1998,958.3
108,31,2000,6000000,472209,52800,-54300,5,1,1,3,780,780,2730,1998,1112.04
421,57,2000,0,459955,69900,0,22,3,0,0,15700,7850,54950,2015,1206.26
266,42,1000,0,473389,12800,-49700,12,1,1,3,7870,7870,55090,2005,763.67
412,56,500,0,616767,0,-66100,19,3,0,2,15120,7560,45360,1997,1042.56
31,32,2000,4000000,442948,46800,-87300,10,1,2,0,5300,10600,47700,1997,1263.48
465,63,500,6000000,458936,0,0,7,1,0,3,4840,4840,33880,2015,1006.99
126,31,1000,0,613921,42300,-45800,17,1,1,1,13520,6760,40560,2011,1328.26
407,55,1000,5000000,474598,0,-57700,0,3,2,3,11360,11360,45440,2010,1250.08
101,27,500,6000000,440865,30800,-43700,9,1,1,0,940,470,3760,2001,982.7
187,37,1000,5000000,450947,60100,0,21,1,0,3,5770,5770,46160,2000,1412.06
252,46,2000,0,473370,0,0,22,3,0,2,14920,14920,59680,2014,1066.7
229,43,2000,0,463153,42600,-44400,3,1,1,0,420,840,3360,2012,1585.54
246,39,1000,0,612546,0,-36600,16,1,0,3,5020,5020,35140,2004,1416.08
190,38,500,0,442919,61900,-50000,14,1,0,0,9020,4510,31570,2013,1246.03
95,32,2000,0,449352,67800,-48600,21,3,0,3,15120,15120,52920,2003,1356.64
205,42,2000,4000000,470104,0,0,19,1,2,1,15660,15660,54810,1995,1387.7
41,25,1000,0,459889,35400,0,13,3,1,3,9600,4800,33600,1995,1004.14
137,35,500,0,478868,0,-45300,21,1,0,0,600,600,2100,2008,1107.07
194,34,500,0,463307,67800,0,11,3,1,2,11440,5720,40040,2005,1429.96
128,35,1000,0,453620,0,-48800,16,1,2,0,1380,690,5520,2012,1074.99
150,37,1000,0,466238,30400,-89400,9,1,0,2,12320,12320,55440,2013,1007.0
104,30,500,0,607697,0,-70100,8,1,0,0,960,480,3360,2006,1052.85
163,37,1000,4000000,477631,0,-36400,7,1,2,1,390,780,2730,2008,1200.33
80,26,1000,0,443625,64600,0,12,1,0,0,9040,9040,72320,1995,1343.0
65,29,2000,5000000,472223,0,0,21,3,0,0,6290,12580,44030,1998,1441.6
179,32,1000,6000000,608328,53800,0,4,1,1,2,5420,10840,37940,2014,1433.42
372,50,2000,0,474860,0,0,18,3,2,2,5180,10360,36260,2003,1368.57
398,55,500,0,606858,69400,0,7,1,2,3,600,1200,4800,2012,862.19
213,35,500,0,477938,58500,-77700,13,1,2,0,13480,6740,53920,2007,871.46
79,25,500,0,462698,53400,-35200,0,1,2,1,13560,6780,47460,1995,1863.04
232,44,2000,0,454552,25800,0,22,1,1,1,5540,11080,38780,2002,1181.64
230,37,1000,0,471585,0,-51500,15,1,2,3,9820,4910,34370,1996,1060.74
234,41,500,0,455426,59400,-78600,3,3,2,1,15120,7560,75600,2007,951.56
240,40,500,9000000,469856,0,-70900,18,2,0,2,6050,12100,48400,2008,1533.71
143,33,1000,0,454191,38400,-5700,17,3,2,2,14080,7040,49280,2002,1200.09
266,42,500,4000000,468454,0,-49600,18,3,1,1,4440,8880,39960,2015,1093.83
89,32,1000,0,614187,27600,0,11,1,2,3,15380,15380,53830,1999,988.93
229,37,1000,0,433974,0,-55400,17,1,0,2,9920,9920,34720,2004,1331.94
245,40,1000,0,604833,39300,0,12,1,0,2,7470,7470,67230,1999,1361.45
50,44,2000,0,447469,0,-65800,15,3,1,2,6110,12220,42770,2008,1188.51
230,43,2000,0,451529,28900,0,0,3,0,3,5190,10380,36330,2011,1101.83
17,39,1000,0,431202,32500,-80800,9,1,2,1,430,430,2580,2002,840.95
163,36,1000,0,448190,55700,-49900,1,1,2,1,5710,11420,34260,2013,1503.21
29,32,1000,0,453713,0,-21500,22,1,0,2,7690,7690,61520,1995,1722.5
232,42,500,0,440153,0,-58400,11,1,2,3,15400,7700,53900,2015,944.03
235,39,2000,4000000,619570,0,0,10,1,0,3,9280,9280,41760,2012,1453.61
295,46,500,0,478947,0,0,5,1,1,1,12140,6070,42490,1997,1672.88
22,21,1000,0,443550,37500,-54000,3,3,1,2,5920,0,47360,2015,1248.05
286,43,500,3000000,477644,77500,-32800,18,1,2,2,3810,3810,26670,2013,1564.43
257,44,1000,0,433981,59400,-32200,21,1,0,1,0,5220,41760,2002,1280.88
94,26,500,0,433696,50300,0,6,3,1,2,3670,7340,25690,2010,722.66
124,28,1000,0,443567,0,-32100,20,3,0,1,6020,6020,48160,2012,1235.14
141,30,1000,0,430665,0,-82100,6,1,1,2,540,1080,4860,1996,1347.04
3,38,1000,0,431289,0,0,20,1,0,1,17440,8720,61040,2006,1310.8
285,41,1000,0,608177,70900,0,23,1,2,3,18080,18080,72320,2015,1436.79
130,34,500,3000000,442797,35100,0,4,3,2,3,7500,7500,52500,1996,1383.49
458,62,2000,5000000,441714,0,0,2,1,0,1,5220,5220,36540,1998,1356.92
456,60,1000,0,612260,0,0,6,1,0,3,460,920,3680,2007,766.19
